[Shortcuts],Name,Shortcut,"Yes=0,Maybe=1",Notes,,
BrushesAndStuff=none,BrushesAndStuff,none,1,unknown,,[Shortcuts]
EditLayerMetaData=Ctrl+Alt+Shift+N,EditLayerMetaData,Ctrl+Alt+Shift+N,2,this is interesting and mybe good for templates and tracking notes,,
InteractionTool=none,InteractionTool,none,1,,,
KarbonCalligraphyTool=none,KarbonCalligraphyTool,none,1,,,
KisAssistantTool=W,KisAssistantTool,W,2,,,
KisToolCrop=C,KisToolCrop,C,,,,
KisToolEncloseAndFill=none,KisToolEncloseAndFill,none,,,,
KisToolPath=none,KisToolPath,none,,,,
KisToolPencil=none,KisToolPencil,none,,,,
KisToolPolygon=none,KisToolPolygon,none,,,,
KisToolPolyline=none,KisToolPolyline,none,,,,
KisToolSelectContiguous=none,KisToolSelectContiguous,none,,,,
KisToolSelectElliptical=J,KisToolSelectElliptical,J,,,,
KisToolSelectMagnetic=none,KisToolSelectMagnetic,none,,,,
KisToolSelectOutline=none,KisToolSelectOutline,none,,,,
KisToolSelectPath=none,KisToolSelectPath,none,,,,
KisToolSelectPolygonal=none,KisToolSelectPolygonal,none,,,,
KisToolSelectRectangular=Ctrl+R,KisToolSelectRectangular,Ctrl+R,,,,
KisToolSelectSimilar=none,KisToolSelectSimilar,none,,,,
KisToolTransform=Ctrl+T,KisToolTransform,Ctrl+T,,,,
KritaFill/KisToolFill=F,KritaFill/KisToolFill,F,,,,
KritaFill/KisToolGradient=G,KritaFill/KisToolGradient,G,,,,
KritaSelected/KisToolColorSampler=P,KritaSelected/KisToolColorSampler,P,,,,
KritaShape/KisToolBrush=Q,KritaShape/KisToolBrush,Q,2,,,
KritaShape/KisToolDyna=none,KritaShape/KisToolDyna,none,,,,
KritaShape/KisToolEllipse=Shift+J,KritaShape/KisToolEllipse,Shift+J,,,,
KritaShape/KisToolLazyBrush=Y,KritaShape/KisToolLazyBrush,Y,,,,
KritaShape/KisToolLine=none,KritaShape/KisToolLine,none,,,,
KritaShape/KisToolMeasure=none,KritaShape/KisToolMeasure,none,,,,
KritaShape/KisToolMultiBrush=none,KritaShape/KisToolMultiBrush,none,,,,
KritaShape/KisToolRectangle=Shift+R,KritaShape/KisToolRectangle,Shift+R,,,,
KritaShape/KisToolSmartPatch=none,KritaShape/KisToolSmartPatch,none,,,,
KritaTransform/KisToolMove=T,KritaTransform/KisToolMove,T,,,,
LayerGroupSwitcher/next=none,LayerGroupSwitcher/next,none,,,,
LayerGroupSwitcher/previous=none,LayerGroupSwitcher/previous,none,,,,
Next Blending Mode=Alt+Shift++,Next Blending Mode,Alt+Shift++,,,,
PanTool=none,PanTool,none,,,,
PathTool=none,PathTool,none,,,,
Previous Blending Mode=Alt+Shift+-,Previous Blending Mode,Alt+Shift+-,,,,
QMic=none,QMic,none,,,,
QMicAgain=none,QMicAgain,none,,,,
RenameCurrentLayer=F2,RenameCurrentLayer,F2,,,,
Select Behind Blending Mode=Alt+Shift+Q,Select Behind Blending Mode,Alt+Shift+Q,0,,,
Select Clear Blending Mode=Alt+Shift+R,Select Clear Blending Mode,Alt+Shift+R,0,,,
Select Color Blending Mode=Alt+Shift+C,Select Color Blending Mode,Alt+Shift+C,0,,,
Select Color Burn Blending Mode=Alt+Shift+B,Select Color Burn Blending Mode,Alt+Shift+B,0,,,
Select Color Dodge Blending Mode=Alt+Shift+D,Select Color Dodge Blending Mode,Alt+Shift+D,0,,,
Select Darken Blending Mode=Alt+Shift+K,Select Darken Blending Mode,Alt+Shift+K,0,,,
Select Difference Blending Mode=Alt+Shift+E,Select Difference Blending Mode,Alt+Shift+E,0,,,
Select Dissolve Blending Mode=Alt+Shift+I,Select Dissolve Blending Mode,Alt+Shift+I,0,,,
Select Exclusion Blending Mode=Alt+Shift+X,Select Exclusion Blending Mode,Alt+Shift+X,0,,,
Select Hard Light Blending Mode=Alt+Shift+H,Select Hard Light Blending Mode,Alt+Shift+H,0,,,
Select Hard Mix Blending Mode=Alt+Shift+L,Select Hard Mix Blending Mode,Alt+Shift+L,0,,,
Select Hard Overlay Blending Mode=Alt+Shift+P,Select Hard Overlay Blending Mode,Alt+Shift+P,0,,,
Select Hue Blending Mode=Alt+Shift+U,Select Hue Blending Mode,Alt+Shift+U,0,,,
Select Lighten Blending Mode=Alt+Shift+G,Select Lighten Blending Mode,Alt+Shift+G,0,,,
Select Linear Burn Blending Mode=Alt+Shift+A,Select Linear Burn Blending Mode,Alt+Shift+A,0,,,
Select Linear Dodge Blending Mode=Alt+Shift+W,Select Linear Dodge Blending Mode,Alt+Shift+W,0,,,
Select Linear Light Blending Mode=Alt+Shift+J,Select Linear Light Blending Mode,Alt+Shift+J,0,,,
Select Luminosity Blending Mode=Alt+Shift+Y,Select Luminosity Blending Mode,Alt+Shift+Y,0,,,
Select Multiply Blending Mode=Alt+Shift+M,Select Multiply Blending Mode,Alt+Shift+M,0,,,
Select Normal Blending Mode=Alt+Shift+N,Select Normal Blending Mode,Alt+Shift+N,0,,,
Select Overlay Blending Mode=Alt+Shift+O,Select Overlay Blending Mode,Alt+Shift+O,0,,,
Select Pin Light Blending Mode=Alt+Shift+Z,Select Pin Light Blending Mode,Alt+Shift+Z,0,,,
Select Saturation Blending Mode=Alt+Shift+T,Select Saturation Blending Mode,Alt+Shift+T,0,,,
Select Screen Blending Mode=Alt+Shift+S,Select Screen Blending Mode,Alt+Shift+S,0,,,
Select Soft Light Blending Mode=Alt+Shift+F,Select Soft Light Blending Mode,Alt+Shift+F,0,,,
Select Vivid Light Blending Mode=Alt+Shift+V,Select Vivid Light Blending Mode,Alt+Shift+V,0,,,
SvgTextTool=none,SvgTextTool,none,,,,
ToolReferenceImages=none,ToolReferenceImages,none,,,,
ZoomTool=none,ZoomTool,none,,,,
activateNextLayer=page_up,activateNextLayer,page_up,2,,,
activateNextSiblingLayer=none,activateNextSiblingLayer,none,,,,
activatePreviousLayer=page_down,activatePreviousLayer,page_down,2,,,
activatePreviousSiblingLayer=none,activatePreviousSiblingLayer,none,,,,
add_blank_frame=none,add_blank_frame,none,,,,
add_duplicate_frame=none,add_duplicate_frame,none,,,,
add_new_adjustment_layer=none,add_new_adjustment_layer,none,,,,
add_new_clone_layer=none,add_new_clone_layer,none,,,,
add_new_colorize_mask=none,add_new_colorize_mask,none,2,,,
add_new_file_layer=none,add_new_file_layer,none,,,,
add_new_fill_layer=none,add_new_fill_layer,none,,,,
add_new_filter_mask=none,add_new_filter_mask,none,,,,
add_new_group_layer=none,add_new_group_layer,none,,,,
add_new_paint_layer=Ins,add_new_paint_layer,Ins,,,,
add_new_selection_mask=none,add_new_selection_mask,none,,,,
add_new_shape_layer=Shift+Ins,add_new_shape_layer,Shift+Ins,,,,
add_new_transform_mask=none,add_new_transform_mask,none,,,,
add_new_transparency_mask=none,add_new_transparency_mask,none,,,,
add_scalar_keyframes=none,add_scalar_keyframes,none,,,,
auto_key=none,auto_key,none,,,,
borderselection=none,borderselection,none,,,,
brushslider1=Y,brushslider1,Y,2,,,
brushslider2=none,brushslider2,none,2,,,
brushslider3=none,brushslider3,none,,,,
brushslider4=N,brushslider4,N,,,,
buginfo=none,buginfo,none,,,,
calligraphy_decrease_angle=none,calligraphy_decrease_angle,none,,,,
calligraphy_decrease_width=none,calligraphy_decrease_width,none,,,,
calligraphy_increase_angle=none,calligraphy_increase_angle,none,,,,
calligraphy_increase_width=none,calligraphy_increase_width,none,,,,
canvassize=Ctrl+Alt+C,canvassize,Ctrl+Alt+C,,,,
chooseBackgroundColor=none,chooseBackgroundColor,none,,,,
chooseForegroundColor=none,chooseForegroundColor,none,,,,
clear=Del,clear,Del,,,,
clear_animation_cache=none,clear_animation_cache,none,,,,
clones_array=none,clones_array,none,,,,
colorrange=none,colorrange,none,,,,
command_bar_open=Ctrl+Return,command_bar_open,Ctrl+Return,,,,
composite_actions=none,composite_actions,none,,,,
convert-to-path=P,convert-to-path,P,,,,
convert_group_to_animated=none,convert_group_to_animated,none,,,,
convert_selection_to_shape=none,convert_selection_to_shape,none,,,,
convert_shapes_to_vector_selection=none,convert_shapes_to_vector_selection,none,,,,
convert_to_animated=none,convert_to_animated,none,,,,
convert_to_file_layer=none,convert_to_file_layer,none,,,,
convert_to_filter_mask=none,convert_to_filter_mask,none,,,,
convert_to_paint_layer=none,convert_to_paint_layer,none,,,,
convert_to_raster_selection=none,convert_to_raster_selection,none,,,,
convert_to_selection_mask=none,convert_to_selection_mask,none,,,,
convert_to_transparency_mask=none,convert_to_transparency_mask,none,,,,
convert_to_vector_selection=none,convert_to_vector_selection,none,,,,
copy_columns_to_clipboard=none,copy_columns_to_clipboard,none,,,,
copy_frames=none,copy_frames,none,,,,
copy_frames_as_clones=none,copy_frames_as_clones,none,,,,
copy_layer_clipboard=none,copy_layer_clipboard,none,,,,
copy_layer_style=none,copy_layer_style,none,,,,
copy_merged=Ctrl+Shift+C,copy_merged,Ctrl+Shift+C,,,,
copy_selection_to_new_layer=Ctrl+Alt+J,copy_selection_to_new_layer,Ctrl+Alt+J,,,,
copy_sharp=none,copy_sharp,none,,,,
crashlog=none,crashlog,none,,,,
create_bundle=none,create_bundle,none,,,,
create_copy=none,create_copy,none,,,,
create_quick_clipping_group=Ctrl+Shift+G,create_quick_clipping_group,Ctrl+Shift+G,,,,
create_quick_group=Ctrl+G,create_quick_group,Ctrl+G,,,,
create_snapshot=none,create_snapshot,none,,,,
create_template=none,create_template,none,,,,
cut_columns_to_clipboard=none,cut_columns_to_clipboard,none,,,,
cut_frames=none,cut_frames,none,,,,
cut_layer_clipboard=none,cut_layer_clipboard,none,,,,
cut_selection_to_new_layer=Ctrl+Shift+J,cut_selection_to_new_layer,Ctrl+Shift+J,,,,
cut_sharp=none,cut_sharp,none,,,,
dbexplorer=none,dbexplorer,none,,,,
decrease_brush_size=[,decrease_brush_size,[,2,,,
decrease_fade=none,decrease_fade,none,,,,
decrease_flow=none,decrease_flow,none,,,,
decrease_opacity=I,decrease_opacity,I,,,,
decrease_scatter=none,decrease_scatter,none,,,,
delete_keyframe=none,delete_keyframe,none,,,,
deselect=Ctrl+Shift+A,deselect,Ctrl+Shift+A,,,,
disable_pressure=none,disable_pressure,none,,,,
drop_frames=none,drop_frames,none,,,,
dual=none,dual,none,,,,
duplicatelayer=Ctrl+J,duplicatelayer,Ctrl+J,,,,
edit_copy=Ctrl+C,edit_copy,Ctrl+C,,,,
edit_cut=Ctrl+X,edit_cut,Ctrl+X,,,,
edit_paste=Ctrl+V,edit_paste,Ctrl+V,,,,
edit_redo=Z,edit_redo,Z,2,,,
edit_selection=none,edit_selection,none,,,,
edit_undo=A,edit_undo,A,2,,,
erase_action=E,erase_action,E,2,,,
featherselection=Shift+F6,featherselection,Shift+F6,,,,
file_close=none,file_close,none,3,,,
file_close_all=Ctrl+Shift+W,file_close_all,Ctrl+Shift+W,,,,
file_documentinfo=none,file_documentinfo,none,,,,
file_export_advanced=none,file_export_advanced,none,,,,
file_export_file=none,file_export_file,none,,,,
file_import_animation=none,file_import_animation,none,,,,
file_import_file=none,file_import_file,none,,,,
file_import_video_animation=none,file_import_video_animation,none,,,,
file_new=Ctrl+N,file_new,Ctrl+N,2,,,
file_open=Ctrl+O,file_open,Ctrl+O,2,,,
file_open_recent=none,file_open_recent,none,,,,
file_quit=none,file_quit,none,,,,
file_save=Ctrl+S,file_save,Ctrl+S,2,,,
file_save_as=Ctrl+Shift+S,file_save_as,Ctrl+Shift+S,2,,,
file_sessions=none,file_sessions,none,,,,
fill_selection_background_color=Backspace,fill_selection_background_color,Backspace,,,,
fill_selection_background_color_opacity=Ctrl+Backspace,fill_selection_background_color_opacity,Ctrl+Backspace,,,,
fill_selection_foreground_color=Shift+Backspace,fill_selection_foreground_color,Shift+Backspace,,,,
fill_selection_foreground_color_opacity=Ctrl+Shift+Backspace,fill_selection_foreground_color_opacity,Ctrl+Shift+Backspace,,,,
fill_selection_pattern=none,fill_selection_pattern,none,,,,
fill_selection_pattern_opacity=none,fill_selection_pattern_opacity,none,,,,
filter_apply_again=Ctrl+F,filter_apply_again,Ctrl+F,,,,
filter_apply_reprompt=none,filter_apply_reprompt,none,,,,
first_frame=none,first_frame,none,,,,
flatten_image=Ctrl+Shift+E,flatten_image,Ctrl+Shift+E,,,,
flatten_layer=none,flatten_layer,none,,,,
fullscreen=Ctrl+Shift+F,fullscreen,Ctrl+Shift+F,1,,,
gamutCheck=Ctrl+Shift+Y,gamutCheck,Ctrl+Shift+Y,,,,
gradients=none,gradients,none,,,,
growselection=none,growselection,none,,,,
help_about_app=none,help_about_app,none,,,,
help_about_kde=none,help_about_kde,none,,,,
help_contents=F1,help_contents,F1,,,,
help_report_bug=none,help_report_bug,none,,,,
histogram=none,histogram,none,,,,
hmirror_action=none,hmirror_action,none,,,,
image_color=none,image_color,none,,,,
image_properties=Ctrl+F3,image_properties,Ctrl+F3,2,,,
imagecolorspaceconversion=none,imagecolorspaceconversion,none,,,,
imagesize=Ctrl+Alt+I,imagesize,Ctrl+Alt+I,2,,,
imagesplit=none,imagesplit,none,,,,
import_layer_as_filter_mask=none,import_layer_as_filter_mask,none,,,,
import_layer_as_paint_layer=none,import_layer_as_paint_layer,none,,,,
import_layer_as_selection_mask=none,import_layer_as_selection_mask,none,,,,
import_layer_as_transparency_mask=none,import_layer_as_transparency_mask,none,,,,
import_layer_from_file=none,import_layer_from_file,none,,,,
increase_brush_size=],increase_brush_size,],2,,,
increase_fade=none,increase_fade,none,,,,
increase_flow=none,increase_flow,none,,,,
increase_opacity=O,increase_opacity,O,,,,
increase_scatter=none,increase_scatter,none,,,,
insert_column_left=none,insert_column_left,none,,,,
insert_column_right=none,insert_column_right,none,,,,
insert_hold_column=none,insert_hold_column,none,,,,
insert_hold_frame=none,insert_hold_frame,none,,,,
insert_keyframe_left=none,insert_keyframe_left,none,,,,
insert_keyframe_right=none,insert_keyframe_right,none,,,,
insert_multiple_columns=none,insert_multiple_columns,none,,,,
insert_multiple_hold_columns=none,insert_multiple_hold_columns,none,,,,
insert_multiple_hold_frames=none,insert_multiple_hold_frames,none,,,,
insert_multiple_keyframes=none,insert_multiple_keyframes,none,,,,
invert_selection=Ctrl+Shift+I,invert_selection,Ctrl+Shift+I,,,,
isolate_active_group=none,isolate_active_group,none,,,,
isolate_active_layer=none,isolate_active_layer,none,,,,
krita_filter_asc-cdl=none,krita_filter_asc-cdl,none,,,,
krita_filter_autocontrast=none,krita_filter_autocontrast,none,,,,
krita_filter_blur=none,krita_filter_blur,none,,,,
krita_filter_bottom edge detections=none,krita_filter_bottom edge detections,none,,,,
krita_filter_burn=none,krita_filter_burn,none,,,,
krita_filter_colorbalance=Ctrl+B,krita_filter_colorbalance,Ctrl+B,,,,
krita_filter_colortoalpha=none,krita_filter_colortoalpha,none,,,,
krita_filter_colortransfer=none,krita_filter_colortransfer,none,,,,
krita_filter_crosschannel=none,krita_filter_crosschannel,none,,,,
krita_filter_desaturate=Ctrl+Shift+U,krita_filter_desaturate,Ctrl+Shift+U,,,,
krita_filter_dodge=none,krita_filter_dodge,none,,,,
krita_filter_emboss=none,krita_filter_emboss,none,,,,
krita_filter_emboss all directions=none,krita_filter_emboss all directions,none,,,,
krita_filter_emboss horizontal and vertical=none,krita_filter_emboss horizontal and vertical,none,,,,
krita_filter_emboss horizontal only=none,krita_filter_emboss horizontal only,none,,,,
krita_filter_emboss laplascian=none,krita_filter_emboss laplascian,none,,,,
krita_filter_emboss vertical only=none,krita_filter_emboss vertical only,none,,,,
krita_filter_gaussian blur=none,krita_filter_gaussian blur,none,,,,
krita_filter_gaussianhighpass=none,krita_filter_gaussianhighpass,none,,,,
krita_filter_gaussiannoisereducer=none,krita_filter_gaussiannoisereducer,none,,,,
krita_filter_gradientmap=none,krita_filter_gradientmap,none,,,,
krita_filter_halftone=none,krita_filter_halftone,none,,,,
krita_filter_height to normal=none,krita_filter_height to normal,none,,,,
krita_filter_hsvadjustment=Ctrl+U,krita_filter_hsvadjustment,Ctrl+U,,,,
krita_filter_indexcolors=none,krita_filter_indexcolors,none,,,,
krita_filter_invert=Ctrl+I,krita_filter_invert,Ctrl+I,,,,
krita_filter_left edge detections=none,krita_filter_left edge detections,none,,,,
krita_filter_lens blur=none,krita_filter_lens blur,none,,,,
krita_filter_levels=Ctrl+L,krita_filter_levels,Ctrl+L,,,,
krita_filter_maximize=none,krita_filter_maximize,none,,,,
krita_filter_mean removal=none,krita_filter_mean removal,none,,,,
krita_filter_minimize=none,krita_filter_minimize,none,,,,
krita_filter_motion blur=none,krita_filter_motion blur,none,,,,
krita_filter_noise=none,krita_filter_noise,none,,,,
krita_filter_normalize=none,krita_filter_normalize,none,,,,
krita_filter_oilpaint=none,krita_filter_oilpaint,none,,,,
krita_filter_palettize=none,krita_filter_palettize,none,,,,
krita_filter_perchannel=Ctrl+M,krita_filter_perchannel,Ctrl+M,,,,
krita_filter_phongbumpmap=none,krita_filter_phongbumpmap,none,,,,
krita_filter_pixelize=none,krita_filter_pixelize,none,,,,
krita_filter_posterize=none,krita_filter_posterize,none,,,,
krita_filter_raindrops=none,krita_filter_raindrops,none,,,,
krita_filter_randompick=none,krita_filter_randompick,none,,,,
krita_filter_right edge detections=none,krita_filter_right edge detections,none,,,,
krita_filter_roundcorners=none,krita_filter_roundcorners,none,,,,
krita_filter_sharpen=none,krita_filter_sharpen,none,,,,
krita_filter_smalltiles=none,krita_filter_smalltiles,none,,,,
krita_filter_sobel=none,krita_filter_sobel,none,,,,
krita_filter_threshold=none,krita_filter_threshold,none,,,,
krita_filter_top edge detections=none,krita_filter_top edge detections,none,,,,
krita_filter_unsharp=none,krita_filter_unsharp,none,,,,
krita_filter_wave=none,krita_filter_wave,none,,,,
krita_filter_waveletnoisereducer=none,krita_filter_waveletnoisereducer,none,,,,
last_frame=none,last_frame,none,,,,
layer_properties=F3,layer_properties,F3,2,,,
layer_style=none,layer_style,none,,,,
layercolorspaceconversion=none,layercolorspaceconversion,none,,,,
layersize=none,layersize,none,,,,
layersplit=none,layersplit,none,,,,
level_of_detail_mode=Shift+L,level_of_detail_mode,Shift+L,,,,
logcatdump=none,logcatdump,none,,,,
mainToolBar=none,mainToolBar,none,,,,
make_brush_color_bluer=none,make_brush_color_bluer,none,1,,,
make_brush_color_darker=K,make_brush_color_darker,K,1,,,
make_brush_color_desaturated=none,make_brush_color_desaturated,none,1,,,
make_brush_color_greener=none,make_brush_color_greener,none,1,,,
make_brush_color_lighter=L,make_brush_color_lighter,L,1,,,
make_brush_color_redder=none,make_brush_color_redder,none,1,,,
make_brush_color_saturated=none,make_brush_color_saturated,none,1,,,
make_brush_color_yellower=none,make_brush_color_yellower,none,1,,,
make_clones_unique=none,make_clones_unique,none,,,,
manage_bundles=none,manage_bundles,none,,,,
manage_resources=none,manage_resources,none,,,,
merge_layer=Ctrl+E,merge_layer,Ctrl+E,,,,
mirrorAllNodesX=none,mirrorAllNodesX,none,,,,
mirrorAllNodesY=none,mirrorAllNodesY,none,,,,
mirrorImageHorizontal=none,mirrorImageHorizontal,none,0,,,
mirrorImageVertical=none,mirrorImageVertical,none,0,,,
mirrorNodeX=none,mirrorNodeX,none,,,,
mirrorNodeY=none,mirrorNodeY,none,,,,
mirrorX-hideDecorations=none,mirrorX-hideDecorations,none,3,Macro,,
mirrorX-lock=none,mirrorX-lock,none,3,Macro,,
mirrorX-moveToCenter=none,mirrorX-moveToCenter,none,3,Macro,,
mirrorY-hideDecorations=none,mirrorY-hideDecorations,none,3,Macro,,
mirrorY-lock=none,mirrorY-lock,none,3,Macro,,
mirrorY-moveToCenter=none,mirrorY-moveToCenter,none,3,Macro,,
mirror_actions=none,mirror_actions,none,,,,
mirror_canvas=M,mirror_canvas,M,,,,
mirror_canvas_around_cursor=Alt+M,mirror_canvas_around_cursor,Alt+M,2,,,
mirror_columns=none,mirror_columns,none,,,,
mirror_frames=none,mirror_frames,none,,,,
move_layer_down=Ctrl+PgDown,move_layer_down,Ctrl+PgDown,,,,
move_layer_up=Ctrl+PgUp,move_layer_up,Ctrl+PgUp,,,,
movetool-move-down=Down,movetool-move-down,Down,,,,
movetool-move-down-more=Shift+Down,movetool-move-down-more,Shift+Down,,,,
movetool-move-left=Left,movetool-move-left,Left,,,,
movetool-move-left-more=Shift+Left,movetool-move-left-more,Shift+Left,,,,
movetool-move-right=Right,movetool-move-right,Right,,,,
movetool-move-right-more=Shift+Right,movetool-move-right-more,Shift+Right,,,,
movetool-move-up=Up,movetool-move-up,Up,,,,
movetool-move-up-more=Shift+Up,movetool-move-up-more,Shift+Up,,,,
movetool-show-coordinates=Ctrl+Alt+Shift+C,movetool-show-coordinates,Ctrl+Alt+Shift+C,,,,
new_from_visible=none,new_from_visible,none,,,,
next_favorite_preset=`,next_favorite_preset,`,2,,,
next_frame=none,next_frame,none,,,,
next_keyframe=none,next_keyframe,none,,,,
next_matching_keyframe=none,next_matching_keyframe,none,,,,
next_unfiltered_keyframe=none,next_unfiltered_keyframe,none,,,,
object_align_horizontal_center=none,object_align_horizontal_center,none,,,,
object_align_horizontal_left=none,object_align_horizontal_left,none,,,,
object_align_horizontal_right=none,object_align_horizontal_right,none,,,,
object_align_vertical_bottom=none,object_align_vertical_bottom,none,,,,
object_align_vertical_center=none,object_align_vertical_center,none,,,,
object_align_vertical_top=none,object_align_vertical_top,none,,,,
object_distribute_horizontal_center=none,object_distribute_horizontal_center,none,,,,
object_distribute_horizontal_gaps=none,object_distribute_horizontal_gaps,none,,,,
object_distribute_horizontal_left=none,object_distribute_horizontal_left,none,,,,
object_distribute_horizontal_right=none,object_distribute_horizontal_right,none,,,,
object_distribute_vertical_bottom=none,object_distribute_vertical_bottom,none,,,,
object_distribute_vertical_center=none,object_distribute_vertical_center,none,,,,
object_distribute_vertical_gaps=none,object_distribute_vertical_gaps,none,,,,
object_distribute_vertical_top=none,object_distribute_vertical_top,none,,,,
object_group=none,object_group,none,,,,
object_intersect=none,object_intersect,none,,,,
object_order_back=Ctrl+Shift+[,object_order_back,Ctrl+Shift+[,,,,
object_order_front=Ctrl+Shift+],object_order_front,Ctrl+Shift+],,,,
object_order_lower=Ctrl+Alt+[,object_order_lower,Ctrl+Alt+[,,,,
object_order_raise=Ctrl+Alt+],object_order_raise,Ctrl+Alt+],,,,
object_split=none,object_split,none,,,,
object_subtract=none,object_subtract,none,,,,
object_transform_mirror_horizontally=none,object_transform_mirror_horizontally,none,,,,
object_transform_mirror_vertically=none,object_transform_mirror_vertically,none,,,,
object_transform_reset=none,object_transform_reset,none,,,,
object_transform_rotate_180=none,object_transform_rotate_180,none,,,,
object_transform_rotate_90_ccw=none,object_transform_rotate_90_ccw,none,,,,
object_transform_rotate_90_cw=none,object_transform_rotate_90_cw,none,,,,
object_ungroup=none,object_ungroup,none,,,,
object_unite=none,object_unite,none,,,,
offsetimage=none,offsetimage,none,,,,
offsetlayer=none,offsetlayer,none,,,,
open_resources_directory=none,open_resources_directory,none,,,,
options_configure=7,options_configure,7,2,,,
options_configure_keybinding=none,options_configure_keybinding,none,,,,
options_configure_toolbars=8,options_configure_toolbars,8,,,,
paintops=none,paintops,none,,,,
paste_as_reference=Ctrl+Shift+R,paste_as_reference,Ctrl+Shift+R,1,,,
paste_at=Ctrl+Alt+V,paste_at,Ctrl+Alt+V,,,,
paste_columns_from_clipboard=none,paste_columns_from_clipboard,none,,,,
paste_frames=none,paste_frames,none,,,,
paste_into=none,paste_into,none,,,,
paste_layer_from_clipboard=none,paste_layer_from_clipboard,none,,,,
paste_layer_style=none,paste_layer_style,none,,,,
paste_new=Ctrl+Shift+N,paste_new,Ctrl+Shift+N,,,,
paste_shape_style=none,paste_shape_style,none,,,,
path-break-point=none,path-break-point,none,,,,
path-break-segment=none,path-break-segment,none,,,,
pathpoint-corner=none,pathpoint-corner,none,,,,
pathpoint-curve=none,pathpoint-curve,none,,,,
pathpoint-insert=Ins,pathpoint-insert,Ins,,,,
pathpoint-join=J,pathpoint-join,J,,,,
pathpoint-line=none,pathpoint-line,none,,,,
pathpoint-merge=none,pathpoint-merge,none,,,,
pathpoint-remove=Backspace,pathpoint-remove,Backspace,,,,
pathpoint-smooth=none,pathpoint-smooth,none,,,,
pathpoint-symmetric=none,pathpoint-symmetric,none,,,,
pathsegment-curve=Shift+C,pathsegment-curve,Shift+C,,,,
pathsegment-line=F,pathsegment-line,F,,,,
patterns=none,patterns,none,,,,
pin_to_timeline=none,pin_to_timeline,none,,,,
preserve_alpha=none,preserve_alpha,none,,,,
previous_favorite_preset=Ctrl+`,previous_favorite_preset,Ctrl+`,2,,,
previous_frame=none,previous_frame,none,,,,
previous_keyframe=none,previous_keyframe,none,,,,
previous_matching_keyframe=none,previous_matching_keyframe,none,,,,
previous_preset=/,previous_preset,/,,,,
previous_unfiltered_keyframe=none,previous_unfiltered_keyframe,none,,,,
quick_ungroup=Ctrl+Alt+G,quick_ungroup,Ctrl+Alt+G,,,,
recorder_export=none,recorder_export,none,,,,
recorder_record_toggle=none,recorder_record_toggle,none,,,,
reload_preset_action=none,reload_preset_action,none,,,,
remove_columns=none,remove_columns,none,,,,
remove_columns_and_pull=none,remove_columns_and_pull,none,,,,
remove_frames=none,remove_frames,none,,,,
remove_frames_and_pull=none,remove_frames_and_pull,none,,,,
remove_hold_column=none,remove_hold_column,none,,,,
remove_hold_frame=none,remove_hold_frame,none,,,,
remove_layer=Shift+Del,remove_layer,Shift+Del,,,,
remove_multiple_hold_columns=none,remove_multiple_hold_columns,none,,,,
remove_multiple_hold_frames=none,remove_multiple_hold_frames,none,,,,
remove_scalar_keyframe=none,remove_scalar_keyframe,none,,,,
remove_snapshot=none,remove_snapshot,none,,,,
rename_composition=none,rename_composition,none,,,,
render_animation=none,render_animation,none,,,,
render_animation_again=none,render_animation_again,none,,,,
reselect=Ctrl+Shift+D,reselect,Ctrl+Shift+D,,,,
reset_canvas_rotation=none,reset_canvas_rotation,none,,,,
reset_configurations=none,reset_configurations,none,,,,
reset_fg_bg=D,reset_fg_bg,D,,,,
resizeimagetolayer=none,resizeimagetolayer,none,,,,
resizeimagetoselection=none,resizeimagetoselection,none,,,,
rotateAllLayers=none,rotateAllLayers,none,,,,
rotateAllLayers180=none,rotateAllLayers180,none,,,,
rotateAllLayersCCW90=none,rotateAllLayersCCW90,none,,,,
rotateAllLayersCW90=none,rotateAllLayersCW90,none,,,,
rotateImage180=none,rotateImage180,none,,,,
rotateImageCCW90=none,rotateImageCCW90,none,,,,
rotateImageCW90=none,rotateImageCW90,none,,,,
rotateLayer180=none,rotateLayer180,none,,,,
rotateLayerCCW90=none,rotateLayerCCW90,none,,,,
rotateLayerCW90=none,rotateLayerCW90,none,,,,
rotate_canvas_left=Ctrl+[,rotate_canvas_left,Ctrl+[,,,,
rotate_canvas_right=Ctrl+],rotate_canvas_right,Ctrl+],,,,
rotateimage=none,rotateimage,none,,,,
rotatelayer=none,rotatelayer,none,,,,
ruler_pixel_multiple2=none,ruler_pixel_multiple2,none,,,,
rulers_track_mouse=none,rulers_track_mouse,none,,,,
save_groups_as_images=none,save_groups_as_images,none,,,,
save_incremental_backup=F4,save_incremental_backup,F4,2,,,
save_incremental_version=Ctrl+Alt+S,save_incremental_version,Ctrl+Alt+S,2,,,
save_node_as_image=none,save_node_as_image,none,,,,
save_vector_node_to_svg=none,save_vector_node_to_svg,none,,,,
scaleAllLayers=none,scaleAllLayers,none,,,,
select_all=Ctrl+A,select_all,Ctrl+A,2,,,
select_all_layers=none,select_all_layers,none,,,,
select_invisible_layers=none,select_invisible_layers,none,,,,
select_layout=none,select_layout,none,,,,
select_locked_layers=none,select_locked_layers,none,,,,
select_unlocked_layers=none,select_unlocked_layers,none,,,,
select_visible_layers=none,select_visible_layers,none,,,,
selection_tool_mode_add=none,selection_tool_mode_add,none,,,,
selection_tool_mode_intersect=none,selection_tool_mode_intersect,none,,,,
selection_tool_mode_replace=none,selection_tool_mode_replace,none,,,,
selection_tool_mode_subtract=none,selection_tool_mode_subtract,none,,,,
selectionscale=none,selectionscale,none,,,,
selectopaque=none,selectopaque,none,,,,
selectopaque_add=none,selectopaque_add,none,,,,
selectopaque_intersect=none,selectopaque_intersect,none,,,,
selectopaque_subtract=none,selectopaque_subtract,none,,,,
separate=none,separate,none,,,,
set-copy-from=none,set-copy-from,none,,,,
set_end_time=none,set_end_time,none,,,,
set_no_brush_smoothing=1,set_no_brush_smoothing,1,2,,,
set_simple_brush_smoothing=Ctrl+1,set_simple_brush_smoothing,Ctrl+1,2,,,
set_stabilizer_brush_smoothing=2,set_stabilizer_brush_smoothing,2,2,,,
set_start_time=none,set_start_time,none,,,,
set_weighted_brush_smoothing=Ctrl+2,set_weighted_brush_smoothing,Ctrl+2,2,,,
settings_active_author=none,settings_active_author,none,2,,,
shearAllLayers=none,shearAllLayers,none,,,,
shearimage=none,shearimage,none,,,,
shearlayer=none,shearlayer,none,,,,
shift_brush_color_clockwise=none,shift_brush_color_clockwise,none,2,,,
shift_brush_color_counter_clockwise=none,shift_brush_color_counter_clockwise,none,2,,,
show-global-selection-mask=none,show-global-selection-mask,none,,,,
showStatusBar=none,showStatusBar,none,,,,
show_brush_editor=F5,show_brush_editor,F5,2,,,
show_brush_presets=F6,show_brush_presets,F6,2,,,
show_color_history=H,show_color_history,H,2,,,
show_color_selector=Shift+I,show_color_selector,Shift+I,2,,,
show_common_colors=U,show_common_colors,U,2,,,
show_minimal_shade_selector=Shift+N,show_minimal_shade_selector,Shift+N,2,,,
show_mypaint_shade_selector=Shift+M,show_mypaint_shade_selector,Shift+M,2,,,
show_snap_options_popup=Shift+S,show_snap_options_popup,Shift+S,2,,,
show_tool_options=none,show_tool_options,none,1,,,
shrinkselection=none,shrinkselection,none,,,,
smoothselection=none,smoothselection,none,,,,
softProof=Ctrl+Y,softProof,Ctrl+Y,,,,
spen_circle_ccw=F12,spen_circle_ccw,F12,,,,
spen_circle_cw=F11,spen_circle_cw,F11,,,,
spen_click=@,spen_click,@,,,,
spen_double_click=#,spen_double_click,#,,,,
spen_show_popup_palette=none,spen_show_popup_palette,none,,,,
spen_swipe_down=F8,spen_swipe_down,F8,,,,
spen_swipe_left=F9,spen_swipe_left,F9,,,,
spen_swipe_right=F10,spen_swipe_right,F10,,,,
spen_swipe_up=F7,spen_swipe_up,F7,,,,
split_alpha_into_mask=none,split_alpha_into_mask,none,,,,
split_alpha_save_merged=none,split_alpha_save_merged,none,,,,
split_alpha_write=none,split_alpha_write,none,,,,
stop_playback=none,stop_playback,none,,,,
stroke_selection=none,stroke_selection,none,,,,
stroke_shapes=none,stroke_shapes,none,,,,
svg_align_center=Ctrl+Alt+C,svg_align_center,Ctrl+Alt+C,,,,
svg_align_justified=Ctrl+Alt+R,svg_align_justified,Ctrl+Alt+R,,,,
svg_align_left=none,svg_align_left,none,,,,
svg_align_right=Ctrl+Alt+R,svg_align_right,Ctrl+Alt+R,,,,
svg_background_color=none,svg_background_color,none,,,,
svg_decrease_font_size=Ctrl+<,svg_decrease_font_size,Ctrl+<,,,,
svg_font=Ctrl+Alt+F,svg_font,Ctrl+Alt+F,,,,
svg_font_kerning=none,svg_font_kerning,none,,,,
svg_font_size=none,svg_font_size,none,,,,
svg_format_italic=Ctrl+I,svg_format_italic,Ctrl+I,,,,
svg_format_strike_through=none,svg_format_strike_through,none,,,,
svg_format_subscript=Ctrl+Shift+B,svg_format_subscript,Ctrl+Shift+B,,,,
svg_format_superscript=Ctrl+Shift+P,svg_format_superscript,Ctrl+Shift+P,,,,
svg_format_textcolor=none,svg_format_textcolor,none,,,,
svg_format_underline=Ctrl+U,svg_format_underline,Ctrl+U,,,,
svg_increase_font_size=Ctrl+>,svg_increase_font_size,Ctrl+>,,,,
svg_insert_special_character=Alt+Shift+C,svg_insert_special_character,Alt+Shift+C,,,,
svg_line_height=Ctrl+H,svg_line_height,Ctrl+H,,,,
svg_sample_color=none,svg_sample_color,none,,,,
svg_settings=none,svg_settings,none,,,,
svg_weight_black=none,svg_weight_black,none,,,,
svg_weight_bold=Ctrl+B,svg_weight_bold,Ctrl+B,,,,
svg_weight_demi=none,svg_weight_demi,none,,,,
svg_weight_light=Ctrl+L,svg_weight_light,Ctrl+L,,,,
svg_weight_normal=Ctrl+N,svg_weight_normal,Ctrl+N,,,,
switchToPreviouslyActiveNode=;,switchToPreviouslyActiveNode,;,,,,
switch_application_language=none,switch_application_language,none,,,,
switchto_snapshot=none,switchto_snapshot,none,,,,
sysinfo=none,sysinfo,none,,,,
tablet_debugger=Ctrl+Shift+T,tablet_debugger,Ctrl+Shift+T,,,,
toggle-selection-overlay-mode=none,toggle-selection-overlay-mode,none,,,,
toggle_assistant=Ctrl+Z,toggle_assistant,Ctrl+Z,2,,,
toggle_brush_outline=none,toggle_brush_outline,none,,,,
toggle_display_selection=Ctrl+H,toggle_display_selection,Ctrl+H,,,,
toggle_fg_bg=X,toggle_fg_bg,X,,,,
toggle_layer_alpha_lock=none,toggle_layer_alpha_lock,none,,,,
toggle_layer_inherit_alpha=none,toggle_layer_inherit_alpha,none,,,,
toggle_layer_lock=none,toggle_layer_lock,none,,,,
toggle_layer_soloing=none,toggle_layer_soloing,none,,,,
toggle_layer_visibility=none,toggle_layer_visibility,none,,,,
toggle_onion_skin=none,toggle_onion_skin,none,,,,
toggle_playback=none,toggle_playback,none,,,,
toggle_zoom_to_fit=Ctrl+Shift+Alt+0,toggle_zoom_to_fit,Ctrl+Shift+Alt+0,2,,,
trim_to_image=none,trim_to_image,none,,,,
undo_polygon_selection=none,undo_polygon_selection,none,,,,
update_composition=none,update_composition,none,,,,
update_playback_range=none,update_playback_range,none,,,,
view_detached_canvas=none,view_detached_canvas,none,,,,
view_grid=Ctrl+Shift+',view_grid,Ctrl+Shift+',,,,
view_lock_guides=none,view_lock_guides,none,,,,
view_newwindow=none,view_newwindow,none,,,,
view_pixel_grid=none,view_pixel_grid,none,,,,
view_ruler=none,view_ruler,none,2,,,
view_show_canvas_only=Tab,view_show_canvas_only,Tab,2,,,
view_show_guides=none,view_show_guides,none,,,,
view_snap_bounding_box=none,view_snap_bounding_box,none,,,,
view_snap_extension=none,view_snap_extension,none,,,,
view_snap_image_bounds=none,view_snap_image_bounds,none,,,,
view_snap_image_center=none,view_snap_image_center,none,,,,
view_snap_intersection=none,view_snap_intersection,none,,,,
view_snap_node=none,view_snap_node,none,,,,
view_snap_orthogonal=none,view_snap_orthogonal,none,,,,
view_snap_to_grid=Ctrl+Shift+;,view_snap_to_grid,Ctrl+Shift+;,,,,
view_snap_to_guides=none,view_snap_to_guides,none,,,,
view_snap_to_pixel=none,view_snap_to_pixel,none,,,,
view_toggle_assistant_previews=Ctrl+W,view_toggle_assistant_previews,Ctrl+W,2,,,
view_toggle_painting_assistants=Shift+W,view_toggle_painting_assistants,Shift+W,2,,,
view_toggle_reference_images=none,view_toggle_reference_images,none,2,,,
view_toggledockers=none,view_toggledockers,none,1,,,
view_toggledockertitlebars=none,view_toggledockertitlebars,none,1,,,
view_zoom_in=Ctrl++,view_zoom_in,Ctrl++,,,,
view_zoom_out=Ctrl+-,view_zoom_out,Ctrl+-,,,,
vmirror_action=none,vmirror_action,none,,,,
waveletdecompose=none,waveletdecompose,none,,,,
windows_cascade=none,windows_cascade,none,,,,
windows_next=none,windows_next,none,,,,
windows_previous=none,windows_previous,none,,,,
windows_tile=none,windows_tile,none,,,,
workspaces=N,workspaces,N,2,,,
wrap_around_mode=none,wrap_around_mode,none,,,,
zoom_to_100pct=Ctrl+0,zoom_to_100pct,Ctrl+0,2,,,
,#VALUE!,,,,,